marker,chr,pos
chr1_61178,chr1,0.061178
chr1_515972,chr1,0.515972
chr1_852022,chr1,0.852022
chr1_909966,chr1,0.909966
chr1_909969,chr1,0.909969
chr1_1346671,chr1,1.346671
chr1_1346680,chr1,1.34668
chr1_1346692,chr1,1.346692
chr1_1413905,chr1,1.413905
chr1_1718204,chr1,1.718204
chr1_1718248,chr1,1.718248
chr1_1896802,chr1,1.896802
chr1_1934159,chr1,1.934159
chr1_2034597,chr1,2.034597
chr1_2932457,chr1,2.932457
chr1_3026518,chr1,3.026518
chr1_3026542,chr1,3.026542
chr1_3042249,chr1,3.042249
chr1_3042268,chr1,3.042268
chr1_3234438,chr1,3.234438
chr1_3469905,chr1,3.469905
chr1_3562801,chr1,3.562801
chr1_3562820,chr1,3.56282
chr1_3808820,chr1,3.80882
chr1_3811977,chr1,3.811977
chr1_3811983,chr1,3.811983
chr1_3992692,chr1,3.992692
chr1_3992695,chr1,3.992695
chr1_3992704,chr1,3.992704
chr1_4003868,chr1,4.003868
chr1_4003900,chr1,4.0039
chr1_4003930,chr1,4.00393
chr1_4003932,chr1,4.003932
chr1_4003936,chr1,4.003936
chr1_5204205,chr1,5.204205
chr1_5282251,chr1,5.282251
chr1_5550961,chr1,5.550961
chr1_6162048,chr1,6.162048
chr1_6175806,chr1,6.175806
chr1_6292644,chr1,6.292644
chr1_6333918,chr1,6.333918
chr1_6723807,chr1,6.723807
chr1_6801668,chr1,6.801668
chr1_7565394,chr1,7.565394
chr1_7565474,chr1,7.565474
chr1_7597861,chr1,7.597861
chr1_7643025,chr1,7.643025
chr1_8167085,chr1,8.167085
chr1_8239593,chr1,8.239593
chr1_8321754,chr1,8.321754
chr1_8321796,chr1,8.321796
chr1_8332464,chr1,8.332464
chr1_9340071,chr1,9.340071
chr1_9434298,chr1,9.434298
chr1_9434341,chr1,9.434341
chr1_9573423,chr1,9.573423
chr1_9573465,chr1,9.573465
chr1_9632438,chr1,9.632438
chr1_9632494,chr1,9.632494
chr1_9712145,chr1,9.712145
chr1_10190938,chr1,10.190938
chr1_10190963,chr1,10.190963
chr1_10191002,chr1,10.191002
chr1_10216821,chr1,10.216821
chr1_11902902,chr1,11.902902
chr1_11902915,chr1,11.902915
chr1_12369712,chr1,12.369712
chr1_12455932,chr1,12.455932
chr1_12667093,chr1,12.667093
chr1_12730507,chr1,12.730507
chr1_12730519,chr1,12.730519
chr1_12913716,chr1,12.913716
chr1_13146324,chr1,13.146324
chr1_13146332,chr1,13.146332
chr1_13617079,chr1,13.617079
chr1_13761436,chr1,13.761436
chr1_13761454,chr1,13.761454
chr1_13817503,chr1,13.817503
chr1_13881799,chr1,13.881799
chr1_13881802,chr1,13.881802
chr1_13881811,chr1,13.881811
chr1_13881840,chr1,13.88184
chr1_13940206,chr1,13.940206
chr1_13940220,chr1,13.94022
chr1_14098972,chr1,14.098972
chr1_14465646,chr1,14.465646
chr1_14465717,chr1,14.465717
chr1_14673916,chr1,14.673916
chr1_14968422,chr1,14.968422
chr1_14968649,chr1,14.968649
chr1_14972046,chr1,14.972046
chr1_15204114,chr1,15.204114
chr1_15204142,chr1,15.204142
chr1_15292631,chr1,15.292631
chr1_15822298,chr1,15.822298
chr1_15965957,chr1,15.965957
chr1_17194829,chr1,17.194829
chr1_17194995,chr1,17.194995
chr1_17907831,chr1,17.907831
chr1_17981111,chr1,17.981111
chr1_17986410,chr1,17.98641
chr1_18031459,chr1,18.031459
chr1_18158273,chr1,18.158273
chr1_18456846,chr1,18.456846
chr1_18947048,chr1,18.947048
chr1_18996111,chr1,18.996111
chr1_18999748,chr1,18.999748
chr1_19240271,chr1,19.240271
chr1_19240312,chr1,19.240312
chr1_19240316,chr1,19.240316
chr1_19272698,chr1,19.272698
chr1_19395887,chr1,19.395887
chr1_19395930,chr1,19.39593
chr1_19408727,chr1,19.408727
chr1_19408730,chr1,19.40873
chr1_19539785,chr1,19.539785
chr1_19959273,chr1,19.959273
chr1_19959288,chr1,19.959288
chr1_20304060,chr1,20.30406
chr1_20304061,chr1,20.304061
chr1_20304064,chr1,20.304064
chr1_20304082,chr1,20.304082
chr1_20912009,chr1,20.912009
chr1_20912134,chr1,20.912134
chr1_20979662,chr1,20.979662
chr1_20979713,chr1,20.979713
chr1_21180738,chr1,21.180738
chr1_21206933,chr1,21.206933
chr1_21206957,chr1,21.206957
chr1_21324998,chr1,21.324998
chr1_22099219,chr1,22.099219
chr1_22169340,chr1,22.16934
chr1_22169394,chr1,22.169394
chr1_22169469,chr1,22.169469
chr1_22796894,chr1,22.796894
chr1_22867851,chr1,22.867851
chr1_23201135,chr1,23.201135
chr1_23332746,chr1,23.332746
chr1_24449164,chr1,24.449164
chr1_24727896,chr1,24.727896
chr1_24799835,chr1,24.799835
chr1_25108561,chr1,25.108561
chr1_25853707,chr1,25.853707
chr1_25853746,chr1,25.853746
chr1_26145680,chr1,26.14568
chr1_27878986,chr1,27.878986
chr1_27976968,chr1,27.976968
chr1_28401913,chr1,28.401913
chr1_28519670,chr1,28.51967
chr1_28887093,chr1,28.887093
chr1_28887143,chr1,28.887143
chr1_31077867,chr1,31.077867
chr1_31731979,chr1,31.731979
chr1_31835056,chr1,31.835056
chr1_31835113,chr1,31.835113
chr1_31835175,chr1,31.835175
chr1_31879791,chr1,31.879791
chr1_32231814,chr1,32.231814
chr1_32554162,chr1,32.554162
chr1_32554225,chr1,32.554225
chr1_32773850,chr1,32.77385
chr1_32773851,chr1,32.773851
chr1_32773863,chr1,32.773863
chr1_32773866,chr1,32.773866
chr1_33045464,chr1,33.045464
chr1_33097156,chr1,33.097156
chr1_33353670,chr1,33.35367
chr1_33829657,chr1,33.829657
chr1_33892290,chr1,33.89229
chr1_33892335,chr1,33.892335
chr1_33895486,chr1,33.895486
chr1_34004842,chr1,34.004842
chr1_34004970,chr1,34.00497
chr1_34288705,chr1,34.288705
chr1_34314436,chr1,34.314436
chr1_34344852,chr1,34.344852
chr1_34344914,chr1,34.344914
chr1_34351396,chr1,34.351396
chr1_34440692,chr1,34.440692
chr1_34661624,chr1,34.661624
chr1_34740926,chr1,34.740926
chr1_34740960,chr1,34.74096
chr1_34781459,chr1,34.781459
chr1_34989384,chr1,34.989384
chr1_35958358,chr1,35.958358
chr1_36222953,chr1,36.222953
chr1_36607679,chr1,36.607679
chr1_37708813,chr1,37.708813
chr1_37708840,chr1,37.70884
chr1_38252001,chr1,38.252001
chr1_38315730,chr1,38.31573
chr1_38373222,chr1,38.373222
chr1_38531136,chr1,38.531136
chr1_38957506,chr1,38.957506
chr1_39909125,chr1,39.909125
chr1_40409697,chr1,40.409697
chr1_40409703,chr1,40.409703
chr1_40440999,chr1,40.440999
chr1_40441044,chr1,40.441044
chr1_40441047,chr1,40.441047
chr1_40441059,chr1,40.441059
chr1_40533416,chr1,40.533416
chr1_40533477,chr1,40.533477
chr1_40563911,chr1,40.563911
chr1_40586024,chr1,40.586024
chr1_40604264,chr1,40.604264
chr1_40727223,chr1,40.727223
chr1_40734801,chr1,40.734801
chr1_40986055,chr1,40.986055
chr1_40986089,chr1,40.986089
chr1_40990844,chr1,40.990844
chr1_41110519,chr1,41.110519
chr1_42004375,chr1,42.004375
chr1_42004424,chr1,42.004424
chr1_42009470,chr1,42.00947
chr1_42050849,chr1,42.050849
chr1_42050864,chr1,42.050864
chr1_42281920,chr1,42.28192
chr1_42357443,chr1,42.357443
chr1_42507892,chr1,42.507892
chr1_42611747,chr1,42.611747
chr1_42611804,chr1,42.611804
chr1_42675906,chr1,42.675906
chr1_42675916,chr1,42.675916
chr1_42747214,chr1,42.747214
chr1_42898437,chr1,42.898437
chr1_42963809,chr1,42.963809
chr1_43063678,chr1,43.063678
chr1_43125920,chr1,43.12592
chr1_43627651,chr1,43.627651
chr1_43880731,chr1,43.880731
chr1_44685236,chr1,44.685236
chr1_44785727,chr1,44.785727
chr1_44785732,chr1,44.785732
chr1_44785735,chr1,44.785735
chr1_44858114,chr1,44.858114
chr1_45084433,chr1,45.084433
chr1_45300651,chr1,45.300651
chr1_45357604,chr1,45.357604
chr1_45453341,chr1,45.453341
chr1_45459872,chr1,45.459872
chr1_45459965,chr1,45.459965
chr1_45460009,chr1,45.460009
chr1_45511541,chr1,45.511541
chr1_45911832,chr1,45.911832
chr1_46029328,chr1,46.029328
chr1_46029333,chr1,46.029333
chr1_46029356,chr1,46.029356
chr1_46179914,chr1,46.179914
chr1_46316712,chr1,46.316712
chr1_46335071,chr1,46.335071
chr1_47698244,chr1,47.698244
chr1_47698245,chr1,47.698245
chr1_47750473,chr1,47.750473
chr1_48664069,chr1,48.664069
chr1_49028348,chr1,49.028348
chr1_49070795,chr1,49.070795
chr1_49072612,chr1,49.072612
chr1_49136502,chr1,49.136502
chr1_49761055,chr1,49.761055
chr1_49947745,chr1,49.947745
chr1_50672073,chr1,50.672073
chr1_50672100,chr1,50.6721
chr1_50672165,chr1,50.672165
chr1_50761704,chr1,50.761704
chr1_50761714,chr1,50.761714
chr1_51131277,chr1,51.131277
chr1_51339019,chr1,51.339019
chr1_51339053,chr1,51.339053
chr1_51725093,chr1,51.725093
chr1_51740208,chr1,51.740208
chr1_51979335,chr1,51.979335
chr1_52472686,chr1,52.472686
chr1_52765562,chr1,52.765562
chr1_52886511,chr1,52.886511
chr1_52890073,chr1,52.890073
chr1_53357762,chr1,53.357762
chr1_53856314,chr1,53.856314
chr1_53856328,chr1,53.856328
chr1_54058070,chr1,54.05807
chr1_54058100,chr1,54.0581
chr1_54265663,chr1,54.265663
chr1_54335347,chr1,54.335347
chr1_54634494,chr1,54.634494
chr1_54728077,chr1,54.728077
chr1_54728236,chr1,54.728236
chr1_54952510,chr1,54.95251
chr1_54952540,chr1,54.95254
chr1_55037416,chr1,55.037416
chr1_55037425,chr1,55.037425
chr1_55297159,chr1,55.297159
chr1_55317028,chr1,55.317028
chr1_55340774,chr1,55.340774
chr1_55340776,chr1,55.340776
chr1_55648267,chr1,55.648267
chr1_55866461,chr1,55.866461
chr1_56691124,chr1,56.691124
chr1_57249144,chr1,57.249144
chr1_57576097,chr1,57.576097
chr1_57644030,chr1,57.64403
chr1_57723357,chr1,57.723357
chr1_57723606,chr1,57.723606
chr1_58488463,chr1,58.488463
chr1_58614631,chr1,58.614631
chr1_58795364,chr1,58.795364
chr1_58795365,chr1,58.795365
chr1_58795398,chr1,58.795398
chr1_58795408,chr1,58.795408
chr1_58798661,chr1,58.798661
chr1_59305304,chr1,59.305304
chr1_59900208,chr1,59.900208
chr1_60236982,chr1,60.236982
chr1_60237916,chr1,60.237916
chr1_60237923,chr1,60.237923
chr1_60679668,chr1,60.679668
chr1_60739825,chr1,60.739825
chr1_60739827,chr1,60.739827
chr1_60871954,chr1,60.871954
chr1_61012295,chr1,61.012295
chr1_61430720,chr1,61.43072
chr1_61857188,chr1,61.857188
chr1_62207450,chr1,62.20745
chr1_62489225,chr1,62.489225
chr1_62489257,chr1,62.489257
chr1_62640839,chr1,62.640839
chr1_62746845,chr1,62.746845
chr1_62872968,chr1,62.872968
chr1_62872998,chr1,62.872998
chr1_62874700,chr1,62.8747
chr1_63144993,chr1,63.144993
chr1_63159115,chr1,63.159115
chr1_63359045,chr1,63.359045
chr1_63471917,chr1,63.471917
chr1_63512751,chr1,63.512751
chr1_63554437,chr1,63.554437
chr1_63554587,chr1,63.554587
chr1_64179139,chr1,64.179139
chr1_64179148,chr1,64.179148
chr1_65078854,chr1,65.078854
chr1_65285434,chr1,65.285434
chr1_65848043,chr1,65.848043
chr1_65848089,chr1,65.848089
chr1_66209011,chr1,66.209011
chr1_66356834,chr1,66.356834
chr1_66431062,chr1,66.431062
chr1_66431090,chr1,66.43109
chr1_66435731,chr1,66.435731
chr1_66747314,chr1,66.747314
chr1_66836575,chr1,66.836575
chr1_66935944,chr1,66.935944
chr1_67038070,chr1,67.03807
chr1_67143458,chr1,67.143458
chr1_67460878,chr1,67.460878
chr1_67651687,chr1,67.651687
chr1_67967817,chr1,67.967817
chr1_67967835,chr1,67.967835
chr1_68289324,chr1,68.289324
chr1_68289366,chr1,68.289366
chr1_68625455,chr1,68.625455
chr1_68864291,chr1,68.864291
chr1_69170155,chr1,69.170155
chr1_69759373,chr1,69.759373
chr1_69997908,chr1,69.997908
chr1_69997992,chr1,69.997992
chr1_70025061,chr1,70.025061
chr1_70025087,chr1,70.025087
chr1_70025091,chr1,70.025091
chr1_70220403,chr1,70.220403
chr1_70449834,chr1,70.449834
chr1_70450176,chr1,70.450176
chr1_70892625,chr1,70.892625
chr1_70908920,chr1,70.90892
chr1_71278164,chr1,71.278164
chr1_71278238,chr1,71.278238
chr1_71643942,chr1,71.643942
chr1_71644016,chr1,71.644016
chr1_71706122,chr1,71.706122
chr1_71740661,chr1,71.740661
chr1_71740682,chr1,71.740682
chr1_72000518,chr1,72.000518
chr1_72005810,chr1,72.00581
chr1_72053345,chr1,72.053345
chr1_72124866,chr1,72.124866
chr1_72124882,chr1,72.124882
chr1_72158319,chr1,72.158319
chr1_72330750,chr1,72.33075
chr1_72330788,chr1,72.330788
chr1_72496031,chr1,72.496031
chr1_72803036,chr1,72.803036
chr1_73257353,chr1,73.257353
chr1_73290978,chr1,73.290978
chr1_73430737,chr1,73.430737
chr1_73430760,chr1,73.43076
chr1_73442871,chr1,73.442871
chr1_73442876,chr1,73.442876
chr1_73442887,chr1,73.442887
chr1_73609643,chr1,73.609643
chr1_73692976,chr1,73.692976
chr1_73725229,chr1,73.725229
chr1_73728834,chr1,73.728834
chr1_73728850,chr1,73.72885
chr1_73844050,chr1,73.84405
chr1_73944002,chr1,73.944002
chr1_73988427,chr1,73.988427
chr1_74351502,chr1,74.351502
chr1_74467165,chr1,74.467165
chr1_74591424,chr1,74.591424
chr1_74602833,chr1,74.602833
chr1_74602834,chr1,74.602834
chr1_75201008,chr1,75.201008
chr1_75348033,chr1,75.348033
chr1_76407892,chr1,76.407892
chr1_77032329,chr1,77.032329
chr1_77329444,chr1,77.329444
chr1_77333840,chr1,77.33384
chr1_77643100,chr1,77.6431
chr1_77776010,chr1,77.77601
chr1_77792870,chr1,77.79287
chr1_77916642,chr1,77.916642
chr1_77916656,chr1,77.916656
chr1_78078079,chr1,78.078079
chr1_78086410,chr1,78.08641
chr1_78409003,chr1,78.409003
chr1_78491628,chr1,78.491628
chr1_78648516,chr1,78.648516
chr1_78668409,chr1,78.668409
chr1_78688024,chr1,78.688024
chr1_78688069,chr1,78.688069
chr1_78748060,chr1,78.74806
chr1_78748098,chr1,78.748098
chr1_78749799,chr1,78.749799
chr1_78927870,chr1,78.92787
chr1_79693881,chr1,79.693881
chr1_79923663,chr1,79.923663
chr1_80036908,chr1,80.036908
chr1_80354484,chr1,80.354484
chr1_80599898,chr1,80.599898
chr1_80615378,chr1,80.615378
chr1_81141722,chr1,81.141722
chr1_81197593,chr1,81.197593
chr1_81607121,chr1,81.607121
chr1_81611750,chr1,81.61175
chr1_81825175,chr1,81.825175
chr1_81920946,chr1,81.920946
chr1_81969650,chr1,81.96965
chr1_82295403,chr1,82.295403
chr1_83085820,chr1,83.08582
chr1_83085852,chr1,83.085852
chr1_83085863,chr1,83.085863
chr1_83143442,chr1,83.143442
chr1_83143444,chr1,83.143444
chr1_83145003,chr1,83.145003
chr1_83145005,chr1,83.145005
chr1_83368188,chr1,83.368188
chr1_83368218,chr1,83.368218
chr1_84130128,chr1,84.130128
chr1_84394484,chr1,84.394484
chr1_84396466,chr1,84.396466
chr1_85226091,chr1,85.226091
chr1_85437822,chr1,85.437822
chr1_85515329,chr1,85.515329
chr1_85515347,chr1,85.515347
chr1_85515364,chr1,85.515364
chr1_85519261,chr1,85.519261
chr1_85746188,chr1,85.746188
chr1_85746216,chr1,85.746216
chr1_86580827,chr1,86.580827
chr1_86713389,chr1,86.713389
chr1_86713413,chr1,86.713413
chr1_87057904,chr1,87.057904
chr1_87090675,chr1,87.090675
chr1_87694461,chr1,87.694461
chr1_90490853,chr1,90.490853
chr1_90655733,chr1,90.655733
chr1_90657964,chr1,90.657964
chr1_90657979,chr1,90.657979
chr1_90783468,chr1,90.783468
chr1_90843055,chr1,90.843055
chr1_90846710,chr1,90.84671
chr1_90920659,chr1,90.920659
chr1_90920694,chr1,90.920694
chr1_91089616,chr1,91.089616
chr1_91457117,chr1,91.457117
chr1_91457132,chr1,91.457132
chr1_91577037,chr1,91.577037
chr1_91591448,chr1,91.591448
chr1_91608344,chr1,91.608344
chr1_91736769,chr1,91.736769
chr1_91959525,chr1,91.959525
chr1_92023835,chr1,92.023835
chr1_92023836,chr1,92.023836
chr1_92023954,chr1,92.023954
chr1_92024689,chr1,92.024689
chr1_92390585,chr1,92.390585
chr1_92390601,chr1,92.390601
chr1_93145853,chr1,93.145853
chr1_93145868,chr1,93.145868
chr1_93181556,chr1,93.181556
chr1_93181618,chr1,93.181618
chr1_93230221,chr1,93.230221
chr1_93230224,chr1,93.230224
chr1_93602136,chr1,93.602136
chr1_93701661,chr1,93.701661
chr1_93750883,chr1,93.750883
chr1_93750948,chr1,93.750948
chr1_95092032,chr1,95.092032
chr1_95092064,chr1,95.092064
chr1_95323524,chr1,95.323524
chr1_95829741,chr1,95.829741
chr1_95933745,chr1,95.933745
chr2_78566,chr2,0.078566
chr2_78568,chr2,0.078568
chr2_78599,chr2,0.078599
chr2_78611,chr2,0.078611
chr2_78677,chr2,0.078677
chr2_159913,chr2,0.159913
chr2_436427,chr2,0.436427
chr2_529461,chr2,0.529461
chr2_597287,chr2,0.597287
chr2_711455,chr2,0.711455
chr2_923405,chr2,0.923405
chr2_923431,chr2,0.923431
chr2_923704,chr2,0.923704
chr2_934428,chr2,0.934428
chr2_1766126,chr2,1.766126
chr2_2085628,chr2,2.085628
chr2_2143608,chr2,2.143608
chr2_2381046,chr2,2.381046
chr2_2381054,chr2,2.381054
chr2_2381061,chr2,2.381061
chr2_2448787,chr2,2.448787
chr2_2713965,chr2,2.713965
chr2_2713974,chr2,2.713974
chr2_2713992,chr2,2.713992
chr2_2713993,chr2,2.713993
chr2_2713995,chr2,2.713995
chr2_2714016,chr2,2.714016
chr2_2714087,chr2,2.714087
chr2_2789777,chr2,2.789777
chr2_2789808,chr2,2.789808
chr2_2789811,chr2,2.789811
chr2_3036484,chr2,3.036484
chr2_3036493,chr2,3.036493
chr2_3071866,chr2,3.071866
chr2_3071880,chr2,3.07188
chr2_3071895,chr2,3.071895
chr2_3216523,chr2,3.216523
chr2_3513547,chr2,3.513547
chr2_5781449,chr2,5.781449
chr2_7883652,chr2,7.883652
chr2_7883680,chr2,7.88368
chr2_9763330,chr2,9.76333
chr2_21891842,chr2,21.891842
chr2_23583844,chr2,23.583844
chr2_35039554,chr2,35.039554
chr2_48237984,chr2,48.237984
chr2_48903293,chr2,48.903293
chr2_48945214,chr2,48.945214
chr2_48945238,chr2,48.945238
chr2_51306955,chr2,51.306955
chr2_51306982,chr2,51.306982
chr2_56123093,chr2,56.123093
chr2_56847397,chr2,56.847397
chr2_61275974,chr2,61.275974
chr2_61294112,chr2,61.294112
chr2_61294134,chr2,61.294134
chr2_73044952,chr2,73.044952
chr2_73803333,chr2,73.803333
chr2_75340516,chr2,75.340516
chr2_75584773,chr2,75.584773
chr2_75635289,chr2,75.635289
chr2_75635302,chr2,75.635302
chr2_75772951,chr2,75.772951
chr2_76043504,chr2,76.043504
chr2_76043507,chr2,76.043507
chr2_76048513,chr2,76.048513
chr2_76059770,chr2,76.05977
chr2_76062211,chr2,76.062211
chr2_76062333,chr2,76.062333
chr2_76540204,chr2,76.540204
chr2_76540360,chr2,76.54036
chr2_76721238,chr2,76.721238
chr2_76721250,chr2,76.72125
chr2_76782039,chr2,76.782039
chr2_76782066,chr2,76.782066
chr2_76782068,chr2,76.782068
chr2_77500329,chr2,77.500329
chr2_77838002,chr2,77.838002
chr2_77941733,chr2,77.941733
chr2_78590168,chr2,78.590168
chr2_78663417,chr2,78.663417
chr2_78795759,chr2,78.795759
chr2_78941402,chr2,78.941402
chr2_78941406,chr2,78.941406
chr2_79176167,chr2,79.176167
chr2_79762848,chr2,79.762848
chr2_79762900,chr2,79.7629
chr2_79813698,chr2,79.813698
chr2_80090650,chr2,80.09065
chr2_80090668,chr2,80.090668
chr2_81508962,chr2,81.508962
chr2_82395922,chr2,82.395922
chr2_82395971,chr2,82.395971
chr2_82598332,chr2,82.598332
chr2_82609372,chr2,82.609372
chr2_82609408,chr2,82.609408
chr2_82609413,chr2,82.609413
chr2_82609419,chr2,82.609419
chr2_83048646,chr2,83.048646
chr2_83048686,chr2,83.048686
chr2_83058915,chr2,83.058915
chr2_83221873,chr2,83.221873
chr2_83353776,chr2,83.353776
chr2_83353801,chr2,83.353801
chr2_83354659,chr2,83.354659
chr2_83354743,chr2,83.354743
chr2_83526981,chr2,83.526981
chr2_83802305,chr2,83.802305
chr2_83802334,chr2,83.802334
chr2_83846565,chr2,83.846565
chr2_84024154,chr2,84.024154
chr2_84676153,chr2,84.676153
chr3_55508,chr3,0.055508
chr3_367992,chr3,0.367992
chr3_404832,chr3,0.404832
chr3_412313,chr3,0.412313
chr3_477621,chr3,0.477621
chr3_477652,chr3,0.477652
chr3_492622,chr3,0.492622
chr3_492626,chr3,0.492626
chr3_619564,chr3,0.619564
chr3_619673,chr3,0.619673
chr3_657775,chr3,0.657775
chr3_657814,chr3,0.657814
chr3_982960,chr3,0.98296
chr3_1180386,chr3,1.180386
chr3_1180460,chr3,1.18046
chr3_1344617,chr3,1.344617
chr3_1851846,chr3,1.851846
chr3_1882593,chr3,1.882593
chr3_1882692,chr3,1.882692
chr3_1895123,chr3,1.895123
chr3_1941775,chr3,1.941775
chr3_2128862,chr3,2.128862
chr3_2152318,chr3,2.152318
chr3_2297426,chr3,2.297426
chr3_2308875,chr3,2.308875
chr3_2361457,chr3,2.361457
chr3_2387482,chr3,2.387482
chr3_3187224,chr3,3.187224
chr3_3201041,chr3,3.201041
chr3_3201046,chr3,3.201046
chr3_3201058,chr3,3.201058
chr3_3202250,chr3,3.20225
chr3_3202274,chr3,3.202274
chr3_3202276,chr3,3.202276
chr3_3202315,chr3,3.202315
chr3_3875371,chr3,3.875371
chr3_4147884,chr3,4.147884
chr3_4440373,chr3,4.440373
chr3_4582561,chr3,4.582561
chr3_4604118,chr3,4.604118
chr3_4604145,chr3,4.604145
chr3_4667825,chr3,4.667825
chr3_4667866,chr3,4.667866
chr3_4722789,chr3,4.722789
chr3_79008903,chr3,79.008903
chr3_99518768,chr3,99.518768
chr3_99518825,chr3,99.518825
chr3_99518852,chr3,99.518852
chr3_99518855,chr3,99.518855
chr3_99518861,chr3,99.518861
chr3_99518867,chr3,99.518867
chr3_99518876,chr3,99.518876
chr3_99658665,chr3,99.658665
chr3_99903883,chr3,99.903883
chr3_99915327,chr3,99.915327
chr3_100206624,chr3,100.206624
chr3_100301341,chr3,100.301341
chr3_100346314,chr3,100.346314
chr3_100383920,chr3,100.38392
chr3_100849376,chr3,100.849376
chr3_100849388,chr3,100.849388
chr3_100901234,chr3,100.901234
chr3_101254096,chr3,101.254096
chr3_101254129,chr3,101.254129
chr3_101340624,chr3,101.340624
chr3_101340628,chr3,101.340628
chr3_101340678,chr3,101.340678
chr3_101484935,chr3,101.484935
chr3_101484950,chr3,101.48495
chr3_101717116,chr3,101.717116
chr3_101730592,chr3,101.730592
chr3_102061534,chr3,102.061534
chr3_104764060,chr3,104.76406
chr3_104764111,chr3,104.764111
chr3_105060009,chr3,105.060009
chr4_671581,chr4,0.671581
chr4_858255,chr4,0.858255
chr4_859993,chr4,0.859993
chr4_878330,chr4,0.87833
chr4_878343,chr4,0.878343
chr4_907713,chr4,0.907713
chr4_907730,chr4,0.90773
chr4_1178636,chr4,1.178636
chr4_1419680,chr4,1.41968
chr4_1524498,chr4,1.524498
chr4_1524499,chr4,1.524499
chr4_1524541,chr4,1.524541
chr4_1583119,chr4,1.583119
chr4_1661481,chr4,1.661481
chr4_1684611,chr4,1.684611
chr4_2167651,chr4,2.167651
chr4_2907568,chr4,2.907568
chr4_3016253,chr4,3.016253
chr4_3721114,chr4,3.721114
chr4_3721142,chr4,3.721142
chr4_3721143,chr4,3.721143
chr4_4164497,chr4,4.164497
chr4_4174069,chr4,4.174069
chr4_4174084,chr4,4.174084
chr4_4174182,chr4,4.174182
chr4_4174229,chr4,4.174229
chr4_4457497,chr4,4.457497
chr4_6040164,chr4,6.040164
chr4_6044537,chr4,6.044537
chr4_6697807,chr4,6.697807
chr4_6991002,chr4,6.991002
chr4_6997896,chr4,6.997896
chr4_6998041,chr4,6.998041
chr4_7091924,chr4,7.091924
chr4_7091925,chr4,7.091925
chr4_7093250,chr4,7.09325
chr4_7093265,chr4,7.093265
chr4_8942932,chr4,8.942932
chr4_9103281,chr4,9.103281
chr4_9103304,chr4,9.103304
chr4_9103308,chr4,9.103308
chr4_9103317,chr4,9.103317
chr4_9789005,chr4,9.789005
chr4_9789018,chr4,9.789018
chr4_9903236,chr4,9.903236
chr4_9916814,chr4,9.916814
chr4_9916816,chr4,9.916816
chr4_9916818,chr4,9.916818
chr4_10094059,chr4,10.094059
chr4_10232787,chr4,10.232787
chr4_10254358,chr4,10.254358
chr4_11602531,chr4,11.602531
chr4_11864690,chr4,11.86469
chr4_11910777,chr4,11.910777
chr4_12078248,chr4,12.078248
chr4_12217531,chr4,12.217531
chr4_12314177,chr4,12.314177
chr4_12438870,chr4,12.43887
chr4_12438891,chr4,12.438891
chr4_12438892,chr4,12.438892
chr4_12809724,chr4,12.809724
chr4_12837575,chr4,12.837575
chr4_13364657,chr4,13.364657
chr4_14319178,chr4,14.319178
chr4_14897069,chr4,14.897069
chr4_15056739,chr4,15.056739
chr4_15109301,chr4,15.109301
chr4_15109318,chr4,15.109318
chr4_15109350,chr4,15.10935
chr4_15109449,chr4,15.109449
chr4_15109460,chr4,15.10946
chr4_15282967,chr4,15.282967
chr4_15332324,chr4,15.332324
chr4_16085696,chr4,16.085696
chr4_16128395,chr4,16.128395
chr4_16128441,chr4,16.128441
chr4_17007431,chr4,17.007431
chr4_17246814,chr4,17.246814
chr4_17269382,chr4,17.269382
chr4_17288079,chr4,17.288079
chr4_17531587,chr4,17.531587
chr4_17633396,chr4,17.633396
chr4_17633423,chr4,17.633423
chr4_17633445,chr4,17.633445
chr4_17755911,chr4,17.755911
chr4_17959961,chr4,17.959961
chr4_18618433,chr4,18.618433
chr4_18832386,chr4,18.832386
chr4_19055804,chr4,19.055804
chr4_19489346,chr4,19.489346
chr4_19502496,chr4,19.502496
chr4_19502533,chr4,19.502533
chr4_19502568,chr4,19.502568
chr4_19553146,chr4,19.553146
chr4_19553181,chr4,19.553181
chr4_19568892,chr4,19.568892
chr4_20030817,chr4,20.030817
chr4_20030824,chr4,20.030824
chr4_20062737,chr4,20.062737
chr4_20099019,chr4,20.099019
chr4_20117923,chr4,20.117923
chr4_20212228,chr4,20.212228
chr4_20212244,chr4,20.212244
chr4_20307577,chr4,20.307577
chr4_20506598,chr4,20.506598
chr4_20824966,chr4,20.824966
chr4_20825001,chr4,20.825001
chr4_20919005,chr4,20.919005
chr4_21037099,chr4,21.037099
chr4_21264651,chr4,21.264651
chr4_21350537,chr4,21.350537
chr4_21628273,chr4,21.628273
chr4_22886874,chr4,22.886874
chr4_23049295,chr4,23.049295
chr4_23049298,chr4,23.049298
chr4_23055475,chr4,23.055475
chr4_23055477,chr4,23.055477
chr4_23055502,chr4,23.055502
chr4_23872183,chr4,23.872183
chr4_24264222,chr4,24.264222
chr4_24294286,chr4,24.294286
chr4_24298010,chr4,24.29801
chr4_24298033,chr4,24.298033
chr4_24817008,chr4,24.817008
chr4_24833389,chr4,24.833389
chr4_24974548,chr4,24.974548
chr4_24974568,chr4,24.974568
chr4_25079051,chr4,25.079051
chr4_25079096,chr4,25.079096
chr4_25147366,chr4,25.147366
chr4_25179031,chr4,25.179031
chr4_25211765,chr4,25.211765
chr4_25211801,chr4,25.211801
chr4_25388289,chr4,25.388289
chr4_25557423,chr4,25.557423
chr4_25557441,chr4,25.557441
chr4_25955192,chr4,25.955192
chr4_25956013,chr4,25.956013
chr4_25956059,chr4,25.956059
chr4_26038682,chr4,26.038682
chr4_26038685,chr4,26.038685
chr4_26038686,chr4,26.038686
chr4_26038693,chr4,26.038693
chr4_26038709,chr4,26.038709
chr4_26042413,chr4,26.042413
chr4_26043017,chr4,26.043017
chr4_26043059,chr4,26.043059
chr4_26162469,chr4,26.162469
chr4_26396615,chr4,26.396615
chr4_26634997,chr4,26.634997
chr4_26681769,chr4,26.681769
chr4_26954786,chr4,26.954786
chr4_27455343,chr4,27.455343
chr4_27455373,chr4,27.455373
chr4_27455393,chr4,27.455393
chr4_27455420,chr4,27.45542
chr4_27455421,chr4,27.455421
chr4_27455457,chr4,27.455457
chr4_27912209,chr4,27.912209
chr4_28055463,chr4,28.055463
chr4_28145845,chr4,28.145845
chr4_28198987,chr4,28.198987
chr4_28199056,chr4,28.199056
chr4_28217136,chr4,28.217136
chr4_28217164,chr4,28.217164
chr4_28217167,chr4,28.217167
chr4_28217176,chr4,28.217176
chr4_28295469,chr4,28.295469
chr4_28340388,chr4,28.340388
chr4_28515831,chr4,28.515831
chr4_28525995,chr4,28.525995
chr4_28889159,chr4,28.889159
chr4_28889174,chr4,28.889174
chr4_29068769,chr4,29.068769
chr4_30886131,chr4,30.886131
chr4_30886142,chr4,30.886142
chr4_30886181,chr4,30.886181
chr4_30886183,chr4,30.886183
chr4_30886195,chr4,30.886195
chr4_30886211,chr4,30.886211
chr4_31035163,chr4,31.035163
chr4_31154192,chr4,31.154192
chr4_31423600,chr4,31.4236
chr4_31677944,chr4,31.677944
chr4_31747101,chr4,31.747101
chr4_32117893,chr4,32.117893
chr4_32138022,chr4,32.138022
chr4_32613625,chr4,32.613625
chr4_34422911,chr4,34.422911
chr4_36483809,chr4,36.483809
chr4_36962984,chr4,36.962984
chr4_36962988,chr4,36.962988
chr4_37049979,chr4,37.049979
chr4_37335360,chr4,37.33536
chr4_38287247,chr4,38.287247
chr4_38296987,chr4,38.296987
chr4_38354751,chr4,38.354751
chr4_38354758,chr4,38.354758
chr4_38405762,chr4,38.405762
chr4_38475263,chr4,38.475263
chr4_38479587,chr4,38.479587
chr4_38622181,chr4,38.622181
chr4_39131501,chr4,39.131501
chr4_39272085,chr4,39.272085
chr4_39292426,chr4,39.292426
chr4_39328597,chr4,39.328597
chr4_39328598,chr4,39.328598
chr4_39330486,chr4,39.330486
chr4_40203799,chr4,40.203799
chr4_40203826,chr4,40.203826
chr4_40203836,chr4,40.203836
chr4_40233242,chr4,40.233242
chr4_40635898,chr4,40.635898
chr4_40977850,chr4,40.97785
chr4_40987063,chr4,40.987063
chr4_41010554,chr4,41.010554
chr4_41010588,chr4,41.010588
chr4_41010619,chr4,41.010619
chr4_41202074,chr4,41.202074
chr4_41202100,chr4,41.2021
chr4_41202278,chr4,41.202278
chr4_41202394,chr4,41.202394
chr4_41369286,chr4,41.369286
chr4_41420465,chr4,41.420465
chr4_41853575,chr4,41.853575
chr4_42002255,chr4,42.002255
chr4_44618915,chr4,44.618915
chr4_44618946,chr4,44.618946
chr4_44618982,chr4,44.618982
chr4_45059548,chr4,45.059548
chr4_45410034,chr4,45.410034
chr4_45491240,chr4,45.49124
chr4_45764735,chr4,45.764735
chr4_46450482,chr4,46.450482
chr4_46649392,chr4,46.649392
chr4_46830747,chr4,46.830747
chr4_47464220,chr4,47.46422
chr4_47477094,chr4,47.477094
chr4_47510637,chr4,47.510637
chr4_47632473,chr4,47.632473
chr4_47667692,chr4,47.667692
chr4_47758956,chr4,47.758956
chr4_48004678,chr4,48.004678
chr4_48021481,chr4,48.021481
chr4_48021491,chr4,48.021491
chr4_48100544,chr4,48.100544
chr4_48100558,chr4,48.100558
chr4_48106976,chr4,48.106976
chr4_48507672,chr4,48.507672
chr4_48581596,chr4,48.581596
chr4_48581676,chr4,48.581676
chr4_48609966,chr4,48.609966
chr4_48918658,chr4,48.918658
chr4_49063918,chr4,49.063918
chr4_49420289,chr4,49.420289
chr4_49449773,chr4,49.449773
chr4_49579515,chr4,49.579515
chr4_49958853,chr4,49.958853
chr4_49971857,chr4,49.971857
chr4_50010377,chr4,50.010377
chr4_50464005,chr4,50.464005
chr4_50824931,chr4,50.824931
chr4_50827193,chr4,50.827193
chr4_50971606,chr4,50.971606
chr4_50983731,chr4,50.983731
chr4_50983760,chr4,50.98376
chr4_51133883,chr4,51.133883
chr4_51169753,chr4,51.169753
chr4_51278753,chr4,51.278753
chr4_51383857,chr4,51.383857
chr4_51476807,chr4,51.476807
chr4_51529308,chr4,51.529308
chr4_51531029,chr4,51.531029
chr4_51745084,chr4,51.745084
chr4_51979052,chr4,51.979052
chr4_52148564,chr4,52.148564
chr4_52148581,chr4,52.148581
chr4_52234853,chr4,52.234853
chr4_52286541,chr4,52.286541
chr4_52289784,chr4,52.289784
chr4_52890894,chr4,52.890894
chr4_52905918,chr4,52.905918
chr4_53040954,chr4,53.040954
chr4_53040961,chr4,53.040961
chr4_53041086,chr4,53.041086
chr4_53048355,chr4,53.048355
chr4_53211021,chr4,53.211021
chr4_53211034,chr4,53.211034
chr4_53211054,chr4,53.211054
chr4_53275748,chr4,53.275748
chr4_53298507,chr4,53.298507
chr4_53583663,chr4,53.583663
chr4_53665357,chr4,53.665357
chr4_53931674,chr4,53.931674
chr4_54228726,chr4,54.228726
chr4_54228735,chr4,54.228735
chr4_55652185,chr4,55.652185
chr4_55669866,chr4,55.669866
chr4_55670185,chr4,55.670185
chr4_55926241,chr4,55.926241
chr4_55926273,chr4,55.926273
chr4_55941917,chr4,55.941917
chr4_55941935,chr4,55.941935
chr4_56012216,chr4,56.012216
chr4_56012275,chr4,56.012275
chr4_56019937,chr4,56.019937
chr4_56038897,chr4,56.038897
chr4_56038901,chr4,56.038901
chr4_56201281,chr4,56.201281
chr4_56201318,chr4,56.201318
chr4_56224991,chr4,56.224991
chr4_56224999,chr4,56.224999
chr4_56309956,chr4,56.309956
chr4_56372441,chr4,56.372441
chr4_56467473,chr4,56.467473
chr4_56467507,chr4,56.467507
chr4_56467546,chr4,56.467546
chr4_57056738,chr4,57.056738
chr4_57405227,chr4,57.405227
chr4_57405252,chr4,57.405252
chr4_57406078,chr4,57.406078
chr4_57640647,chr4,57.640647
chr4_57640651,chr4,57.640651
chr4_57661749,chr4,57.661749
chr4_57744243,chr4,57.744243
chr4_57760872,chr4,57.760872
chr4_57996151,chr4,57.996151
chr4_58058168,chr4,58.058168
chr4_58106997,chr4,58.106997
chr4_58340190,chr4,58.34019
chr4_58389858,chr4,58.389858
chr4_58396378,chr4,58.396378
chr4_58396397,chr4,58.396397
chr4_58432689,chr4,58.432689
chr4_58701860,chr4,58.70186
chr4_58760575,chr4,58.760575
chr4_58760585,chr4,58.760585
chr4_58760617,chr4,58.760617
chr4_58805614,chr4,58.805614
chr4_58849475,chr4,58.849475
chr4_58849481,chr4,58.849481
chr4_59081090,chr4,59.08109
chr4_59085885,chr4,59.085885
chr4_59121646,chr4,59.121646
chr4_59376161,chr4,59.376161
chr4_59507765,chr4,59.507765
chr4_59568383,chr4,59.568383
chr4_59896328,chr4,59.896328
chr4_60237949,chr4,60.237949
chr4_60237953,chr4,60.237953
chr4_60343407,chr4,60.343407
chr4_60470371,chr4,60.470371
chr4_60675842,chr4,60.675842
chr4_61026093,chr4,61.026093
chr4_61026144,chr4,61.026144
chr4_61079962,chr4,61.079962
chr4_61126888,chr4,61.126888
chr4_61127478,chr4,61.127478
chr4_61127526,chr4,61.127526
chr4_61127540,chr4,61.12754
chr4_61360184,chr4,61.360184
chr4_61572801,chr4,61.572801
chr4_61608620,chr4,61.60862
chr4_61699946,chr4,61.699946
chr4_61887418,chr4,61.887418
chr4_62928397,chr4,62.928397
chr4_63008149,chr4,63.008149
chr4_63093311,chr4,63.093311
chr4_63802297,chr4,63.802297
chr4_64568825,chr4,64.568825
chr4_67928211,chr4,67.928211
chr4_69559387,chr4,69.559387
chr4_69801557,chr4,69.801557
chr4_69801653,chr4,69.801653
chr4_70944089,chr4,70.944089
chr4_72010785,chr4,72.010785
chr4_73834895,chr4,73.834895
chr4_74967635,chr4,74.967635
chr4_75124042,chr4,75.124042
chr4_75125562,chr4,75.125562
chr4_75125626,chr4,75.125626
chr4_75304104,chr4,75.304104
chr4_75309067,chr4,75.309067
chr4_75524317,chr4,75.524317
chr4_75642390,chr4,75.64239
chr4_75642391,chr4,75.642391
chr4_75695581,chr4,75.695581
chr4_75695622,chr4,75.695622
chr4_75793637,chr4,75.793637
chr4_75793646,chr4,75.793646
chr4_75815791,chr4,75.815791
chr4_75849635,chr4,75.849635
chr4_75867631,chr4,75.867631
chr4_75867637,chr4,75.867637
chr4_75867650,chr4,75.86765
chr4_75867652,chr4,75.867652
chr4_76311292,chr4,76.311292
chr4_76311312,chr4,76.311312
chr4_76311325,chr4,76.311325
chr4_76311339,chr4,76.311339
chr4_76500503,chr4,76.500503
chr4_76500566,chr4,76.500566
chr4_76500578,chr4,76.500578
chr4_76500646,chr4,76.500646
chr4_76500660,chr4,76.50066
chr4_76500676,chr4,76.500676
chr4_76500681,chr4,76.500681
chr4_76562741,chr4,76.562741
chr4_77042776,chr4,77.042776
chr4_77157223,chr4,77.157223
chr4_77379847,chr4,77.379847
chr4_77532742,chr4,77.532742
chr4_77708446,chr4,77.708446
chr4_77740764,chr4,77.740764
chr4_77916180,chr4,77.91618
chr4_77976948,chr4,77.976948
chr4_78748135,chr4,78.748135
chr4_78748178,chr4,78.748178
chr4_79029455,chr4,79.029455
chr4_79260480,chr4,79.26048
chr4_79260500,chr4,79.2605
chr4_79309389,chr4,79.309389
chr4_79350551,chr4,79.350551
chr4_79350582,chr4,79.350582
chr4_79350588,chr4,79.350588
chr4_79841475,chr4,79.841475
chr4_80309423,chr4,80.309423
chr4_80485057,chr4,80.485057
chr4_80485084,chr4,80.485084
chr4_80504361,chr4,80.504361
chr4_80504405,chr4,80.504405
chr4_80504406,chr4,80.504406
chr4_80809586,chr4,80.809586
chr4_80856133,chr4,80.856133
chr4_80856134,chr4,80.856134
chr4_80862287,chr4,80.862287
chr4_81211570,chr4,81.21157
chr4_81317194,chr4,81.317194
chr4_81317195,chr4,81.317195
chr4_81401501,chr4,81.401501
chr4_81602736,chr4,81.602736
chr4_81602778,chr4,81.602778
chr4_81801937,chr4,81.801937
chr4_81831443,chr4,81.831443
chr4_81867614,chr4,81.867614
chr4_81953088,chr4,81.953088
chr4_82116708,chr4,82.116708
chr4_82406324,chr4,82.406324
chr4_82406347,chr4,82.406347
chr4_82641375,chr4,82.641375
chr4_82641436,chr4,82.641436
chr4_82694446,chr4,82.694446
chr4_82817479,chr4,82.817479
chr4_82817482,chr4,82.817482
chr4_82817538,chr4,82.817538
chr4_82817717,chr4,82.817717
chr4_83076980,chr4,83.07698
chr4_83077002,chr4,83.077002
chr4_83456294,chr4,83.456294
chr4_83470050,chr4,83.47005
chr4_83470051,chr4,83.470051
chr4_83806628,chr4,83.806628
chr4_83853844,chr4,83.853844
chr4_83960487,chr4,83.960487
chr4_83960492,chr4,83.960492
chr4_84031629,chr4,84.031629
chr4_84227201,chr4,84.227201
chr4_84275880,chr4,84.27588
chr4_84461082,chr4,84.461082
chr4_84693452,chr4,84.693452
chr4_85204770,chr4,85.20477
chr4_85209076,chr4,85.209076
chr4_85242458,chr4,85.242458
chr4_85242462,chr4,85.242462
chr4_86055308,chr4,86.055308
chr4_86055362,chr4,86.055362
chr4_86055377,chr4,86.055377
chr4_86085173,chr4,86.085173
chr4_86150915,chr4,86.150915
chr4_86465240,chr4,86.46524
chr4_86514175,chr4,86.514175
chr4_86557759,chr4,86.557759
chr4_86619524,chr4,86.619524
chr4_86655008,chr4,86.655008
chr4_86856938,chr4,86.856938
chr4_86910222,chr4,86.910222
chr4_86926209,chr4,86.926209
chr4_86944781,chr4,86.944781
chr4_86947693,chr4,86.947693
chr4_87070150,chr4,87.07015
chr4_87308722,chr4,87.308722
chr4_87311930,chr4,87.31193
chr4_87311934,chr4,87.311934
chr4_87648374,chr4,87.648374
chr4_87735997,chr4,87.735997
chr4_87762306,chr4,87.762306
chr4_87762331,chr4,87.762331
chr4_87822842,chr4,87.822842
chr4_87822844,chr4,87.822844
chr4_87996908,chr4,87.996908
chr4_87996957,chr4,87.996957
chr4_87996968,chr4,87.996968
chr4_87996970,chr4,87.99697
chr4_88086507,chr4,88.086507
chr4_88373889,chr4,88.373889
chr4_88373937,chr4,88.373937
chr4_88790298,chr4,88.790298
chr4_89652422,chr4,89.652422
chr4_89652441,chr4,89.652441
chr4_89803766,chr4,89.803766
chr4_89803772,chr4,89.803772
chr4_89803788,chr4,89.803788
chr4_90186201,chr4,90.186201
chr4_90186233,chr4,90.186233
chr4_90279791,chr4,90.279791
chr4_90279825,chr4,90.279825
chr4_90497100,chr4,90.4971
chr4_90497120,chr4,90.49712
chr4_90497178,chr4,90.497178
chr4_90497186,chr4,90.497186
chr4_90519631,chr4,90.519631
chr4_90519679,chr4,90.519679
chr4_90595326,chr4,90.595326
chr4_90595342,chr4,90.595342
chr4_90812523,chr4,90.812523
chr4_90812549,chr4,90.812549
chr4_91087201,chr4,91.087201
chr4_91087208,chr4,91.087208
chr4_91262458,chr4,91.262458
chr4_91262480,chr4,91.26248
chr4_91262494,chr4,91.262494
chr4_91262495,chr4,91.262495
chr4_91590265,chr4,91.590265
chr4_91876909,chr4,91.876909
chr4_91876914,chr4,91.876914
chr4_91904391,chr4,91.904391
chr4_91949638,chr4,91.949638
chr4_91949663,chr4,91.949663
chr4_91949668,chr4,91.949668
chr4_91949671,chr4,91.949671
chr4_91949688,chr4,91.949688
chr4_92272241,chr4,92.272241
chr4_94617009,chr4,94.617009
chr4_94617047,chr4,94.617047
chr4_94617054,chr4,94.617054
chr4_94642604,chr4,94.642604
chr4_94642606,chr4,94.642606
chr4_95010101,chr4,95.010101
chr4_95075062,chr4,95.075062
chr4_95229928,chr4,95.229928
chr4_95289330,chr4,95.28933
chr4_95289343,chr4,95.289343
chr4_95289361,chr4,95.289361
chr4_95289396,chr4,95.289396
chr4_96882607,chr4,96.882607
chr4_96882614,chr4,96.882614
chr4_97134867,chr4,97.134867
chr4_97134896,chr4,97.134896
chr4_97134912,chr4,97.134912
chr4_98444191,chr4,98.444191
chr4_98632616,chr4,98.632616
chr4_100067419,chr4,100.067419
chr4_100069793,chr4,100.069793
chr4_100069827,chr4,100.069827
chr4_102248852,chr4,102.248852
chr4_103801454,chr4,103.801454
chr4_104014143,chr4,104.014143
chr4_104014151,chr4,104.014151
chr4_104014182,chr4,104.014182
chr4_104443550,chr4,104.44355
chr4_104474684,chr4,104.474684
chr4_104603412,chr4,104.603412
chr4_104603418,chr4,104.603418
chr4_104620545,chr4,104.620545
chr4_104620581,chr4,104.620581
chr4_104753574,chr4,104.753574
chr4_104753591,chr4,104.753591
chr4_105064899,chr4,105.064899
chr4_105064923,chr4,105.064923
chr4_105064962,chr4,105.064962
chr4_105064971,chr4,105.064971
chr4_105106379,chr4,105.106379
chr4_105273186,chr4,105.273186
chr4_105287008,chr4,105.287008
chr4_105288570,chr4,105.28857
chr4_105288633,chr4,105.288633
chr4_105290773,chr4,105.290773
chr4_105290849,chr4,105.290849
chr4_105359061,chr4,105.359061
chr4_105359076,chr4,105.359076
chr4_105397196,chr4,105.397196
chr4_105397233,chr4,105.397233
chr5_696021,chr5,0.696021
chr5_696993,chr5,0.696993
chr5_752839,chr5,0.752839
chr5_962405,chr5,0.962405
chr5_962437,chr5,0.962437
chr5_962463,chr5,0.962463
chr5_1116898,chr5,1.116898
chr5_1116952,chr5,1.116952
chr5_1116954,chr5,1.116954
chr5_1116973,chr5,1.116973
chr5_1685940,chr5,1.68594
chr5_2184196,chr5,2.184196
chr5_2184243,chr5,2.184243
chr5_2265318,chr5,2.265318
chr5_2339435,chr5,2.339435
chr5_2339448,chr5,2.339448
chr5_2362853,chr5,2.362853
chr5_2516219,chr5,2.516219
chr5_2551350,chr5,2.55135
chr5_2565389,chr5,2.565389
chr5_2631256,chr5,2.631256
chr5_2814395,chr5,2.814395
chr5_2814429,chr5,2.814429
chr5_2814457,chr5,2.814457
chr5_2917734,chr5,2.917734
chr5_2917741,chr5,2.917741
chr5_3029391,chr5,3.029391
chr5_3029400,chr5,3.0294
chr5_3521759,chr5,3.521759
chr5_3774962,chr5,3.774962
chr5_3841952,chr5,3.841952
chr5_3858390,chr5,3.85839
chr5_3956468,chr5,3.956468
chr5_4436677,chr5,4.436677
chr5_4717787,chr5,4.717787
chr5_4717789,chr5,4.717789
chr5_24717209,chr5,24.717209
chr5_56747309,chr5,56.747309
chr5_60348127,chr5,60.348127
chr5_65921713,chr5,65.921713
chr5_94531211,chr5,94.531211
chr5_94531221,chr5,94.531221
chr5_94531239,chr5,94.531239
chr5_96826794,chr5,96.826794
chr5_99319604,chr5,99.319604
chr5_99422020,chr5,99.42202
chr5_99726594,chr5,99.726594
chr5_99957434,chr5,99.957434
chr5_100067716,chr5,100.067716
chr5_100067769,chr5,100.067769
chr5_100207439,chr5,100.207439
chr5_100207480,chr5,100.20748
chr5_100208726,chr5,100.208726
chr5_100221182,chr5,100.221182
chr5_100646378,chr5,100.646378
chr5_100707955,chr5,100.707955
chr5_100743016,chr5,100.743016
chr5_100827446,chr5,100.827446
chr5_100827448,chr5,100.827448
chr5_100827451,chr5,100.827451
chr5_100827456,chr5,100.827456
chr5_100827459,chr5,100.827459
chr5_100912992,chr5,100.912992
chr5_102774392,chr5,102.774392
chr5_102774400,chr5,102.7744
chr5_102850540,chr5,102.85054
chr5_103470563,chr5,103.470563
chr5_103470602,chr5,103.470602
chr5_103739691,chr5,103.739691
chr5_103739728,chr5,103.739728
chr5_103739785,chr5,103.739785
chr5_103987048,chr5,103.987048
chr5_104120305,chr5,104.120305
chr5_104331767,chr5,104.331767
chr5_104358930,chr5,104.35893
chr5_104358949,chr5,104.358949
chr5_104856798,chr5,104.856798
chr5_104856803,chr5,104.856803
chr5_104856828,chr5,104.856828
chr5_104904736,chr5,104.904736
chr5_105128275,chr5,105.128275
chr5_105163911,chr5,105.163911
chr5_105217482,chr5,105.217482
chr5_105217486,chr5,105.217486
chr5_105626831,chr5,105.626831
chr5_105632823,chr5,105.632823
chr5_105798859,chr5,105.798859
chr5_105798870,chr5,105.79887
chr5_106329432,chr5,106.329432
chr5_106329435,chr5,106.329435
chr5_106329456,chr5,106.329456
chr5_106408528,chr5,106.408528
chr5_106468375,chr5,106.468375
chr5_107195110,chr5,107.19511
chr5_107266429,chr5,107.266429
chr5_107274460,chr5,107.27446
chr5_107944820,chr5,107.94482
chr5_112507065,chr5,112.507065
chr5_112507066,chr5,112.507066
chr5_112507095,chr5,112.507095
chr5_112836172,chr5,112.836172
chr5_112836198,chr5,112.836198
chr5_113092287,chr5,113.092287
chr5_113166503,chr5,113.166503
chr5_113166539,chr5,113.166539
chr5_113166548,chr5,113.166548
chr5_113166560,chr5,113.16656
chr5_113324058,chr5,113.324058
chr5_113342575,chr5,113.342575
chr5_113342601,chr5,113.342601
chr5_113343832,chr5,113.343832
chr5_113343879,chr5,113.343879
chr5_113366733,chr5,113.366733
chr5_113390850,chr5,113.39085
chr5_113390873,chr5,113.390873
chr5_113440861,chr5,113.440861
chr5_113545144,chr5,113.545144
chr5_113913602,chr5,113.913602
chr5_114559672,chr5,114.559672
chr5_114586791,chr5,114.586791
chr5_114586800,chr5,114.5868
chr5_114586806,chr5,114.586806
chr5_114600339,chr5,114.600339
chr5_114600375,chr5,114.600375
chr5_114609698,chr5,114.609698
chr5_114609710,chr5,114.60971
chr5_114638533,chr5,114.638533
chr5_114638574,chr5,114.638574
chr5_114638602,chr5,114.638602
chr5_115014958,chr5,115.014958
chr5_115014975,chr5,115.014975
chr5_115014996,chr5,115.014996
chr5_115015004,chr5,115.015004
chr5_115397288,chr5,115.397288
chr5_115403364,chr5,115.403364
chr5_115403419,chr5,115.403419
chr5_115403441,chr5,115.403441
chr5_115436408,chr5,115.436408
chr5_115666827,chr5,115.666827
chr5_115705895,chr5,115.705895
chr5_115874378,chr5,115.874378
chr5_116127382,chr5,116.127382
chr5_116712529,chr5,116.712529
chr5_116712563,chr5,116.712563
chr5_116712568,chr5,116.712568
chr5_116912931,chr5,116.912931
chr5_116912934,chr5,116.912934
chr5_116984360,chr5,116.98436
chr5_116984856,chr5,116.984856
chr5_117082597,chr5,117.082597
chr5_117082629,chr5,117.082629
chr5_117082646,chr5,117.082646
chr5_117119892,chr5,117.119892
chr5_117188315,chr5,117.188315
chr6_1200156,chr6,1.200156
chr6_1200159,chr6,1.200159
chr6_1200161,chr6,1.200161
chr6_1231700,chr6,1.2317
chr6_1231734,chr6,1.231734
chr6_1291382,chr6,1.291382
chr6_1291385,chr6,1.291385
chr6_1291408,chr6,1.291408
chr6_1313313,chr6,1.313313
chr6_1393035,chr6,1.393035
chr6_1535187,chr6,1.535187
chr6_1722593,chr6,1.722593
chr6_1722601,chr6,1.722601
chr6_1722605,chr6,1.722605
chr6_1722606,chr6,1.722606
chr6_1769618,chr6,1.769618
chr6_1845295,chr6,1.845295
chr6_1856626,chr6,1.856626
chr6_1856655,chr6,1.856655
chr6_2214190,chr6,2.21419
chr6_2370285,chr6,2.370285
chr6_2370288,chr6,2.370288
chr6_2370301,chr6,2.370301
chr6_2504854,chr6,2.504854
chr6_2979862,chr6,2.979862
chr6_3008855,chr6,3.008855
chr6_3008856,chr6,3.008856
chr6_3104485,chr6,3.104485
chr6_3104541,chr6,3.104541
chr6_3104542,chr6,3.104542
chr6_3112088,chr6,3.112088
chr6_3349016,chr6,3.349016
chr6_3349040,chr6,3.34904
chr6_3349052,chr6,3.349052
chr6_3413356,chr6,3.413356
chr6_3518803,chr6,3.518803
chr6_3557689,chr6,3.557689
chr6_3739070,chr6,3.73907
chr6_3817469,chr6,3.817469
chr6_3832306,chr6,3.832306
chr6_3934917,chr6,3.934917
chr6_3976399,chr6,3.976399
chr6_4315577,chr6,4.315577
chr6_4323635,chr6,4.323635
chr6_4323663,chr6,4.323663
chr6_4551476,chr6,4.551476
chr6_5116146,chr6,5.116146
chr6_5117314,chr6,5.117314
chr6_5117321,chr6,5.117321
chr6_5117361,chr6,5.117361
chr6_5275009,chr6,5.275009
chr6_5894552,chr6,5.894552
chr6_5894580,chr6,5.89458
chr6_6054887,chr6,6.054887
chr6_6248354,chr6,6.248354
chr6_6248358,chr6,6.248358
chr6_6265298,chr6,6.265298
chr6_6265325,chr6,6.265325
chr6_6265359,chr6,6.265359
chr6_6594715,chr6,6.594715
chr6_6594738,chr6,6.594738
chr6_6598699,chr6,6.598699
chr6_6598701,chr6,6.598701
chr6_6598749,chr6,6.598749
chr6_6632374,chr6,6.632374
chr6_6632400,chr6,6.6324
chr6_6898800,chr6,6.8988
chr6_7149888,chr6,7.149888
chr6_7149924,chr6,7.149924
chr6_7149935,chr6,7.149935
chr6_7149953,chr6,7.149953
chr6_7203090,chr6,7.20309
chr6_7213140,chr6,7.21314
chr6_7264620,chr6,7.26462
chr6_7333651,chr6,7.333651
chr6_7333658,chr6,7.333658
chr6_7346868,chr6,7.346868
chr6_7918458,chr6,7.918458
chr6_7918512,chr6,7.918512
chr6_8514161,chr6,8.514161
chr6_8953432,chr6,8.953432
chr6_8954884,chr6,8.954884
chr6_9219836,chr6,9.219836
chr6_9279625,chr6,9.279625
chr6_9333290,chr6,9.33329
chr6_9445675,chr6,9.445675
chr6_9445706,chr6,9.445706
chr6_9687839,chr6,9.687839
chr6_9905514,chr6,9.905514
chr6_9994105,chr6,9.994105
chr6_9994132,chr6,9.994132
chr6_10293957,chr6,10.293957
chr6_10293971,chr6,10.293971
chr6_10321369,chr6,10.321369
chr6_10724158,chr6,10.724158
chr6_10756964,chr6,10.756964
chr6_10938051,chr6,10.938051
chr6_10938098,chr6,10.938098
chr6_11147817,chr6,11.147817
chr6_11147838,chr6,11.147838
chr6_11147887,chr6,11.147887
chr6_11147917,chr6,11.147917
chr6_11234005,chr6,11.234005
chr6_11234019,chr6,11.234019
chr6_11234025,chr6,11.234025
chr6_11284485,chr6,11.284485
chr6_11301375,chr6,11.301375
chr6_11400122,chr6,11.400122
chr6_11507949,chr6,11.507949
chr6_12477976,chr6,12.477976
chr6_12492373,chr6,12.492373
chr6_12542220,chr6,12.54222
chr6_12879059,chr6,12.879059
chr6_13162386,chr6,13.162386
chr6_13162390,chr6,13.16239
chr6_13274934,chr6,13.274934
chr6_13340014,chr6,13.340014
chr6_13497634,chr6,13.497634
chr6_14467649,chr6,14.467649
chr6_14467920,chr6,14.46792
chr6_53526004,chr6,53.526004
chr6_90503352,chr6,90.503352
chr6_90503388,chr6,90.503388
chr6_90833216,chr6,90.833216
chr6_91055737,chr6,91.055737
chr6_91055785,chr6,91.055785
chr6_92109440,chr6,92.10944
chr6_92109485,chr6,92.109485
chr6_92253073,chr6,92.253073
chr6_92253080,chr6,92.25308
chr6_92282514,chr6,92.282514
chr6_92283263,chr6,92.283263
chr6_92487662,chr6,92.487662
chr6_92570765,chr6,92.570765
chr6_92570794,chr6,92.570794
chr6_92651803,chr6,92.651803
chr6_92768096,chr6,92.768096
chr6_92768099,chr6,92.768099
chr6_92768103,chr6,92.768103
chr6_92768134,chr6,92.768134
chr6_92785507,chr6,92.785507
chr6_92785553,chr6,92.785553
chr6_93484873,chr6,93.484873
chr6_93484927,chr6,93.484927
chr6_93924472,chr6,93.924472
chr6_93924473,chr6,93.924473
chr6_93924503,chr6,93.924503
chr6_93924524,chr6,93.924524
chr6_94529871,chr6,94.529871
chr6_94529882,chr6,94.529882
chr6_94529918,chr6,94.529918
chr6_94529965,chr6,94.529965
chr6_94534283,chr6,94.534283
chr6_94839825,chr6,94.839825
chr6_94839826,chr6,94.839826
chr6_94855073,chr6,94.855073
chr6_94857180,chr6,94.85718
chr6_94857197,chr6,94.857197
chr6_94997765,chr6,94.997765
chr6_95577003,chr6,95.577003
chr6_95746157,chr6,95.746157
chr6_95746188,chr6,95.746188
chr6_96406661,chr6,96.406661
chr6_97097085,chr6,97.097085
chr6_97258646,chr6,97.258646
chr6_99146919,chr6,99.146919
chr6_100776066,chr6,100.776066
chr6_100912865,chr6,100.912865
chr6_101156233,chr6,101.156233
chr6_101156249,chr6,101.156249
chr6_101156269,chr6,101.156269
chr6_101304095,chr6,101.304095
chr6_101322451,chr6,101.322451
chr6_101671524,chr6,101.671524
chr6_101678820,chr6,101.67882
chr6_101962642,chr6,101.962642
chr6_101962652,chr6,101.962652
chr6_101962653,chr6,101.962653
chr6_102079033,chr6,102.079033
chr6_102131707,chr6,102.131707
chr6_102131771,chr6,102.131771
chr6_102528666,chr6,102.528666
chr6_102544514,chr6,102.544514
chr6_102544582,chr6,102.544582
chr6_102560317,chr6,102.560317
chr6_102574889,chr6,102.574889
chr6_102608071,chr6,102.608071
chr6_102633823,chr6,102.633823
chr6_102640757,chr6,102.640757
chr6_102640774,chr6,102.640774
chr6_102640810,chr6,102.64081
chr6_102768124,chr6,102.768124
chr6_102878094,chr6,102.878094
chr6_102967082,chr6,102.967082
chr6_102973223,chr6,102.973223
chr6_102987141,chr6,102.987141
chr6_103143680,chr6,103.14368
chr6_103194454,chr6,103.194454
chr6_103194474,chr6,103.194474
chr6_103358494,chr6,103.358494
chr6_103385623,chr6,103.385623
chr6_103385685,chr6,103.385685
chr6_103391361,chr6,103.391361
chr6_103391365,chr6,103.391365
chr6_103479696,chr6,103.479696
chr6_103479706,chr6,103.479706
chr7_1483413,chr7,1.483413
chr7_1483525,chr7,1.483525
chr7_3999300,chr7,3.9993
chr7_4100586,chr7,4.100586
chr7_4446430,chr7,4.44643
chr7_4446467,chr7,4.446467
chr7_4446472,chr7,4.446472
chr7_4446473,chr7,4.446473
chr7_4449589,chr7,4.449589
chr7_5491279,chr7,5.491279
chr7_5491298,chr7,5.491298
chr7_5813046,chr7,5.813046
chr7_5813058,chr7,5.813058
chr7_5813080,chr7,5.81308
chr7_10222668,chr7,10.222668
chr7_11002286,chr7,11.002286
chr7_11002296,chr7,11.002296
chr7_11002308,chr7,11.002308
chr7_11002332,chr7,11.002332
chr7_11002333,chr7,11.002333
chr7_11770622,chr7,11.770622
chr7_11839477,chr7,11.839477
chr7_13244169,chr7,13.244169
chr7_13788154,chr7,13.788154
chr7_14396290,chr7,14.39629
chr7_15372562,chr7,15.372562
chr7_15374511,chr7,15.374511
chr7_17087258,chr7,17.087258
chr7_17087264,chr7,17.087264
chr7_20869490,chr7,20.86949
chr7_21364551,chr7,21.364551
chr7_23676613,chr7,23.676613
chr7_24741543,chr7,24.741543
chr7_24817576,chr7,24.817576
chr7_26064424,chr7,26.064424
chr7_27298854,chr7,27.298854
chr7_30106147,chr7,30.106147
chr7_30176441,chr7,30.176441
chr7_30339070,chr7,30.33907
chr7_30339081,chr7,30.339081
chr7_30648683,chr7,30.648683
chr7_30648700,chr7,30.6487
chr7_30648701,chr7,30.648701
chr7_31935112,chr7,31.935112
chr7_33381279,chr7,33.381279
chr7_33382512,chr7,33.382512
chr7_37352846,chr7,37.352846
chr7_37512223,chr7,37.512223
chr7_39389701,chr7,39.389701
chr7_40595517,chr7,40.595517
chr7_42546141,chr7,42.546141
chr7_42546146,chr7,42.546146
chr7_42546170,chr7,42.54617
chr7_43170302,chr7,43.170302
chr7_44269978,chr7,44.269978
chr7_44269987,chr7,44.269987
chr7_44591204,chr7,44.591204
chr7_44793417,chr7,44.793417
chr7_45756358,chr7,45.756358
chr7_46945802,chr7,46.945802
chr7_48599441,chr7,48.599441
chr7_49057769,chr7,49.057769
chr7_49219265,chr7,49.219265
chr7_49483191,chr7,49.483191
chr7_49553294,chr7,49.553294
chr7_49562904,chr7,49.562904
chr7_50149395,chr7,50.149395
chr7_50149424,chr7,50.149424
chr7_50149425,chr7,50.149425
chr7_55127054,chr7,55.127054
chr7_55127083,chr7,55.127083
chr7_56114180,chr7,56.11418
chr7_56114295,chr7,56.114295
chr7_56620648,chr7,56.620648
chr7_56620704,chr7,56.620704
chr7_56985920,chr7,56.98592
chr7_67183174,chr7,67.183174
chr7_67183183,chr7,67.183183
chr7_69083948,chr7,69.083948
chr7_69393419,chr7,69.393419
chr7_69393423,chr7,69.393423
chr7_69393426,chr7,69.393426
chr7_69393465,chr7,69.393465
chr7_69393531,chr7,69.393531
chr7_69393574,chr7,69.393574
chr7_69469101,chr7,69.469101
chr7_70171705,chr7,70.171705
chr7_71723264,chr7,71.723264
chr7_74060846,chr7,74.060846
chr7_74455445,chr7,74.455445
chr7_74455459,chr7,74.455459
chr7_74812786,chr7,74.812786
chr7_74812809,chr7,74.812809
chr7_75770691,chr7,75.770691
chr7_76477755,chr7,76.477755
chr7_76701113,chr7,76.701113
chr7_80804959,chr7,80.804959
chr7_80804984,chr7,80.804984
chr7_80853416,chr7,80.853416
chr7_80985630,chr7,80.98563
chr7_81523854,chr7,81.523854
chr7_82362591,chr7,82.362591
chr7_82362620,chr7,82.36262
chr7_83486678,chr7,83.486678
chr7_84914132,chr7,84.914132
chr7_87108663,chr7,87.108663
chr7_87393110,chr7,87.39311
chr7_87393132,chr7,87.393132
chr7_88039151,chr7,88.039151
chr7_88039194,chr7,88.039194
chr7_88043461,chr7,88.043461
chr7_88044189,chr7,88.044189
chr7_88044196,chr7,88.044196
chr7_88047746,chr7,88.047746
chr7_88047776,chr7,88.047776
chr7_88047777,chr7,88.047777
chr7_88079206,chr7,88.079206
chr7_88347310,chr7,88.34731
chr7_88445032,chr7,88.445032
chr7_88601861,chr7,88.601861
chr7_88645041,chr7,88.645041
chr7_88650048,chr7,88.650048
chr7_88655926,chr7,88.655926
chr7_88761010,chr7,88.76101
chr7_88761034,chr7,88.761034
chr7_88762439,chr7,88.762439
chr7_88762443,chr7,88.762443
chr7_88762472,chr7,88.762472
chr7_88864590,chr7,88.86459
chr7_89120808,chr7,89.120808
chr7_89612388,chr7,89.612388
chr7_89613750,chr7,89.61375
chr7_89613782,chr7,89.613782
chr7_89615928,chr7,89.615928
chr7_89755273,chr7,89.755273
chr7_89824510,chr7,89.82451
chr7_89824512,chr7,89.824512
chr7_89853106,chr7,89.853106
chr7_89918529,chr7,89.918529
chr7_90146129,chr7,90.146129
chr7_90639064,chr7,90.639064
chr7_90639065,chr7,90.639065
chr7_90639069,chr7,90.639069
chr7_90652481,chr7,90.652481
chr7_90786100,chr7,90.7861
chr7_90815226,chr7,90.815226
chr7_90860926,chr7,90.860926
chr7_90872014,chr7,90.872014
chr7_90872017,chr7,90.872017
chr7_90872028,chr7,90.872028
chr7_90872052,chr7,90.872052
chr7_90872084,chr7,90.872084
chr7_90873365,chr7,90.873365
chr7_90873459,chr7,90.873459
chr7_91550959,chr7,91.550959
chr7_91550965,chr7,91.550965
chr7_91550967,chr7,91.550967
chr7_91550973,chr7,91.550973
chr7_91671982,chr7,91.671982
chr7_91672002,chr7,91.672002
chr7_91672036,chr7,91.672036
chr7_91679986,chr7,91.679986
chr7_91679995,chr7,91.679995
chr7_91684285,chr7,91.684285
chr7_91698086,chr7,91.698086
chr7_91853331,chr7,91.853331
chr7_91936233,chr7,91.936233
chr8_88776,chr8,0.088776
chr8_757476,chr8,0.757476
chr8_784748,chr8,0.784748
chr8_1072026,chr8,1.072026
chr8_1285025,chr8,1.285025
chr8_1285041,chr8,1.285041
chr8_1604128,chr8,1.604128
chr8_2388624,chr8,2.388624
chr8_2823146,chr8,2.823146
chr8_2839533,chr8,2.839533
chr8_2839537,chr8,2.839537
chr8_3116111,chr8,3.116111
chr8_3247568,chr8,3.247568
chr8_3247585,chr8,3.247585
chr8_3247611,chr8,3.247611
chr8_3431928,chr8,3.431928
chr8_3437859,chr8,3.437859
chr8_3438892,chr8,3.438892
chr8_5610448,chr8,5.610448
chr8_10085067,chr8,10.085067
chr8_10106839,chr8,10.106839
chr8_10106843,chr8,10.106843
chr8_10106850,chr8,10.10685
chr8_10106857,chr8,10.106857
chr8_10748810,chr8,10.74881
chr8_10748847,chr8,10.748847
chr8_18419667,chr8,18.419667
chr8_21240988,chr8,21.240988
chr8_23720564,chr8,23.720564
chr8_25517061,chr8,25.517061
chr8_27794329,chr8,27.794329
chr8_27794351,chr8,27.794351
chr8_27794360,chr8,27.79436
chr8_34748920,chr8,34.74892
chr8_37687777,chr8,37.687777
chr8_38913900,chr8,38.9139
chr8_42720665,chr8,42.720665
chr8_47853928,chr8,47.853928
chr8_48585476,chr8,48.585476
chr8_52517553,chr8,52.517553
chr8_73048659,chr8,73.048659
chr8_74268966,chr8,74.268966
chr8_79584520,chr8,79.58452
chr8_80238433,chr8,80.238433
chr8_90685838,chr8,90.685838
chr8_90685852,chr8,90.685852
chr8_90685903,chr8,90.685903
chr8_90685912,chr8,90.685912
chr8_92618259,chr8,92.618259
chr8_92618261,chr8,92.618261
chr8_95037638,chr8,95.037638
chr8_96634369,chr8,96.634369
chr9_389912,chr9,0.389912
chr9_389913,chr9,0.389913
chr9_389917,chr9,0.389917
chr9_390005,chr9,0.390005
chr9_390023,chr9,0.390023
chr9_501245,chr9,0.501245
chr9_1092282,chr9,1.092282
chr9_1291121,chr9,1.291121
chr9_3266117,chr9,3.266117
chr9_3512063,chr9,3.512063
chr9_3629239,chr9,3.629239
chr9_3629249,chr9,3.629249
chr9_3720072,chr9,3.720072
chr9_3804223,chr9,3.804223
chr9_4096832,chr9,4.096832
chr9_4096858,chr9,4.096858
chr9_4148710,chr9,4.14871
chr9_4178929,chr9,4.178929
chr9_4192062,chr9,4.192062
chr9_4819129,chr9,4.819129
chr9_5065592,chr9,5.065592
chr9_5590023,chr9,5.590023
chr9_5875010,chr9,5.87501
chr9_6108044,chr9,6.108044
chr9_6171626,chr9,6.171626
chr9_6235851,chr9,6.235851
chr9_6260490,chr9,6.26049
chr9_6439586,chr9,6.439586
chr9_7522139,chr9,7.522139
chr9_7629946,chr9,7.629946
chr9_8034664,chr9,8.034664
chr9_8035624,chr9,8.035624
chr9_8084192,chr9,8.084192
chr9_8159243,chr9,8.159243
chr9_8170380,chr9,8.17038
chr9_8170412,chr9,8.170412
chr9_8185305,chr9,8.185305
chr9_8345322,chr9,8.345322
chr9_8411950,chr9,8.41195
chr9_8546355,chr9,8.546355
chr9_8610654,chr9,8.610654
chr9_8610655,chr9,8.610655
chr9_8674162,chr9,8.674162
chr9_8886106,chr9,8.886106
chr9_8886126,chr9,8.886126
chr9_9521380,chr9,9.52138
chr9_9839410,chr9,9.83941
chr9_9839537,chr9,9.839537
chr9_9898712,chr9,9.898712
chr9_9898716,chr9,9.898716
chr9_9917709,chr9,9.917709
chr9_9917710,chr9,9.91771
chr9_9917746,chr9,9.917746
chr9_9917750,chr9,9.91775
chr9_9917775,chr9,9.917775
chr9_10886007,chr9,10.886007
chr9_11523786,chr9,11.523786
chr9_11755430,chr9,11.75543
chr9_11755462,chr9,11.755462
chr9_11991691,chr9,11.991691
chr9_12138043,chr9,12.138043
chr9_12138072,chr9,12.138072
chr9_12713935,chr9,12.713935
chr9_12713980,chr9,12.71398
chr9_12762454,chr9,12.762454
chr9_12762473,chr9,12.762473
chr9_12762505,chr9,12.762505
chr9_12899360,chr9,12.89936
chr9_12899476,chr9,12.899476
chr9_13499832,chr9,13.499832
chr9_13644591,chr9,13.644591
chr9_14304654,chr9,14.304654
chr9_14368311,chr9,14.368311
chr9_14932112,chr9,14.932112
chr9_14976270,chr9,14.97627
chr9_14977434,chr9,14.977434
chr9_15133403,chr9,15.133403
chr9_15161433,chr9,15.161433
chr9_15161469,chr9,15.161469
chr9_15161499,chr9,15.161499
chr9_15490285,chr9,15.490285
chr9_15615877,chr9,15.615877
chr9_15615889,chr9,15.615889
chr9_16453558,chr9,16.453558
chr9_16477083,chr9,16.477083
chr9_16531429,chr9,16.531429
chr9_16531446,chr9,16.531446
chr9_16985131,chr9,16.985131
chr9_17084214,chr9,17.084214
chr9_17524582,chr9,17.524582
chr9_17666926,chr9,17.666926
chr9_17759114,chr9,17.759114
chr9_18022164,chr9,18.022164
chr9_18218113,chr9,18.218113
chr9_18376371,chr9,18.376371
chr9_18501983,chr9,18.501983
chr9_18502013,chr9,18.502013
chr9_18600623,chr9,18.600623
chr9_18948126,chr9,18.948126
chr9_19216619,chr9,19.216619
chr9_19236826,chr9,19.236826
chr9_19585840,chr9,19.58584
chr9_19683234,chr9,19.683234
chr9_20135227,chr9,20.135227
chr9_20135241,chr9,20.135241
chr9_20135256,chr9,20.135256
chr9_20557969,chr9,20.557969
chr9_20557970,chr9,20.55797
chr9_20557979,chr9,20.557979
chr9_20611098,chr9,20.611098
chr9_20634101,chr9,20.634101
chr9_20816959,chr9,20.816959
chr9_20852331,chr9,20.852331
chr9_22610675,chr9,22.610675
chr9_22906295,chr9,22.906295
chr9_23436371,chr9,23.436371
chr9_23924111,chr9,23.924111
chr9_23924135,chr9,23.924135
chr9_24008745,chr9,24.008745
chr9_24022510,chr9,24.02251
chr9_24022529,chr9,24.022529
chr9_24049178,chr9,24.049178
chr9_24308816,chr9,24.308816
chr9_24536329,chr9,24.536329
chr9_24720398,chr9,24.720398
chr9_24990018,chr9,24.990018
chr9_24990023,chr9,24.990023
chr9_25099168,chr9,25.099168
chr9_25099180,chr9,25.09918
chr9_25099190,chr9,25.09919
chr9_25099193,chr9,25.099193
chr9_25149617,chr9,25.149617
chr9_25345706,chr9,25.345706
chr9_25345724,chr9,25.345724
chr9_25345725,chr9,25.345725
chr9_25360815,chr9,25.360815
chr9_25442201,chr9,25.442201
chr9_25442257,chr9,25.442257
chr9_25786289,chr9,25.786289
chr9_26006598,chr9,26.006598
chr9_26006602,chr9,26.006602
chr9_26006670,chr9,26.00667
chr9_26006694,chr9,26.006694
chr9_26006701,chr9,26.006701
chr9_26121340,chr9,26.12134
chr9_26136500,chr9,26.1365
chr9_26570328,chr9,26.570328
chr9_26724615,chr9,26.724615
chr9_26724656,chr9,26.724656
chr9_26724666,chr9,26.724666
chr9_26749551,chr9,26.749551
chr9_26749552,chr9,26.749552
chr9_27270514,chr9,27.270514
chr9_27453419,chr9,27.453419
chr9_27469830,chr9,27.46983
chr9_27554410,chr9,27.55441
chr9_27625268,chr9,27.625268
chr9_27625271,chr9,27.625271
chr9_27745610,chr9,27.74561
chr9_27745665,chr9,27.745665
chr9_27808912,chr9,27.808912
chr9_28169905,chr9,28.169905
chr9_28179713,chr9,28.179713
chr9_28182961,chr9,28.182961
chr9_28242220,chr9,28.24222
chr9_28290758,chr9,28.290758
chr9_28665976,chr9,28.665976
chr9_28665999,chr9,28.665999
chr9_28666034,chr9,28.666034
chr9_29004642,chr9,29.004642
chr9_29067986,chr9,29.067986
chr9_29067996,chr9,29.067996
chr9_29104906,chr9,29.104906
chr9_29323930,chr9,29.32393
chr9_29357788,chr9,29.357788
chr9_29359934,chr9,29.359934
chr9_29359941,chr9,29.359941
chr9_29359944,chr9,29.359944
chr9_29364588,chr9,29.364588
chr9_29364620,chr9,29.36462
chr9_29542497,chr9,29.542497
chr9_29544809,chr9,29.544809
chr9_29584064,chr9,29.584064
chr9_29631198,chr9,29.631198
chr9_30001433,chr9,30.001433
chr9_30001459,chr9,30.001459
chr9_30018417,chr9,30.018417
chr9_30018465,chr9,30.018465
chr9_30376022,chr9,30.376022
chr9_30376069,chr9,30.376069
chr9_30816855,chr9,30.816855
chr9_30816869,chr9,30.816869
chr9_30816882,chr9,30.816882
chr9_30816926,chr9,30.816926
chr9_30847632,chr9,30.847632
chr9_30847633,chr9,30.847633
chr9_31027334,chr9,31.027334
chr9_31234378,chr9,31.234378
chr9_31320117,chr9,31.320117
chr9_31320158,chr9,31.320158
chr9_31320159,chr9,31.320159
chr9_32379890,chr9,32.37989
chr9_32379923,chr9,32.379923
chr9_32725122,chr9,32.725122
chr9_32948190,chr9,32.94819
chr9_33006243,chr9,33.006243
chr9_33053176,chr9,33.053176
chr9_33070406,chr9,33.070406
chr9_33070467,chr9,33.070467
chr9_33070486,chr9,33.070486
chr9_33175312,chr9,33.175312
chr9_33201987,chr9,33.201987
chr9_33201995,chr9,33.201995
chr9_33218076,chr9,33.218076
chr9_33397816,chr9,33.397816
chr9_33398731,chr9,33.398731
chr9_33575129,chr9,33.575129
chr9_33575143,chr9,33.575143
chr9_33575146,chr9,33.575146
chr9_33632536,chr9,33.632536
chr9_33689456,chr9,33.689456
chr9_33715490,chr9,33.71549
chr9_33740639,chr9,33.740639
chr9_34157195,chr9,34.157195
chr9_34157211,chr9,34.157211
chr9_34170893,chr9,34.170893
chr9_34197226,chr9,34.197226
chr9_34235630,chr9,34.23563
chr9_34380272,chr9,34.380272
chr9_34380309,chr9,34.380309
chr9_34518614,chr9,34.518614
chr9_34630631,chr9,34.630631
chr9_34874222,chr9,34.874222
chr9_34911150,chr9,34.91115
chr9_34924004,chr9,34.924004
chr9_34924041,chr9,34.924041
chr9_35057816,chr9,35.057816
chr9_35472020,chr9,35.47202
chr9_35476858,chr9,35.476858
chr9_35476888,chr9,35.476888
chr9_35507286,chr9,35.507286
chr9_35507369,chr9,35.507369
chr9_35620976,chr9,35.620976
chr9_35723856,chr9,35.723856
chr9_35813263,chr9,35.813263
chr9_35894844,chr9,35.894844
chr9_36174046,chr9,36.174046
chr9_36202576,chr9,36.202576
chr9_36404196,chr9,36.404196
chr9_36435457,chr9,36.435457
chr9_36706088,chr9,36.706088
chr9_37056993,chr9,37.056993
chr9_37964150,chr9,37.96415
chr9_37976367,chr9,37.976367
chr9_38026045,chr9,38.026045
chr9_38400953,chr9,38.400953
chr9_38407511,chr9,38.407511
chr9_39474157,chr9,39.474157
chr9_39531581,chr9,39.531581
chr9_39696535,chr9,39.696535
chr9_39999950,chr9,39.99995
chr9_40421214,chr9,40.421214
chr9_40466383,chr9,40.466383
chr9_40728322,chr9,40.728322
chr9_40728323,chr9,40.728323
chr9_40739753,chr9,40.739753
chr9_40739760,chr9,40.73976
chr9_40825840,chr9,40.82584
chr9_40916304,chr9,40.916304
chr9_40923010,chr9,40.92301
chr9_40965106,chr9,40.965106
chr9_40965109,chr9,40.965109
chr9_40965147,chr9,40.965147
chr9_41011969,chr9,41.011969
chr9_41995804,chr9,41.995804
chr9_41995829,chr9,41.995829
chr9_41995845,chr9,41.995845
chr9_42049975,chr9,42.049975
chr9_42132099,chr9,42.132099
chr9_42140504,chr9,42.140504
chr9_42151280,chr9,42.15128
chr9_42333964,chr9,42.333964
chr9_43131828,chr9,43.131828
chr9_43131931,chr9,43.131931
chr9_43131956,chr9,43.131956
chr9_43131969,chr9,43.131969
chr9_43160180,chr9,43.16018
chr9_43204824,chr9,43.204824
chr9_43422651,chr9,43.422651
chr9_43603300,chr9,43.6033
chr9_43608758,chr9,43.608758
chr9_43608785,chr9,43.608785
chr9_43713822,chr9,43.713822
chr9_43800360,chr9,43.80036
chr9_43827077,chr9,43.827077
chr9_44195515,chr9,44.195515
chr9_44661605,chr9,44.661605
chr9_44921172,chr9,44.921172
chr9_44921173,chr9,44.921173
chr9_44921232,chr9,44.921232
chr9_44964437,chr9,44.964437
chr9_45235593,chr9,45.235593
chr9_46984775,chr9,46.984775
chr9_46984820,chr9,46.98482
chr9_47011114,chr9,47.011114
chr9_47031085,chr9,47.031085
chr9_47065973,chr9,47.065973
chr9_47129578,chr9,47.129578
chr9_47315991,chr9,47.315991
chr9_47456452,chr9,47.456452
chr9_47574578,chr9,47.574578
chr9_47574620,chr9,47.57462
chr9_47729215,chr9,47.729215
chr9_47729216,chr9,47.729216
chr9_47802063,chr9,47.802063
chr9_47811749,chr9,47.811749
chr9_48078783,chr9,48.078783
chr9_48156794,chr9,48.156794
chr9_48857729,chr9,48.857729
chr9_48893584,chr9,48.893584
chr9_49290880,chr9,49.29088
chr9_49346284,chr9,49.346284
chr9_49395554,chr9,49.395554
chr9_49395560,chr9,49.39556
chr9_49418337,chr9,49.418337
chr9_49436543,chr9,49.436543
chr9_49531327,chr9,49.531327
chr9_49601040,chr9,49.60104
chr9_49601947,chr9,49.601947
chr9_49603193,chr9,49.603193
chr9_49608614,chr9,49.608614
chr9_49885588,chr9,49.885588
chr9_49986224,chr9,49.986224
chr9_50008498,chr9,50.008498
chr9_50020001,chr9,50.020001
chr9_50103382,chr9,50.103382
chr9_50303098,chr9,50.303098
chr9_50316680,chr9,50.31668
chr9_50324419,chr9,50.324419
chr9_50331418,chr9,50.331418
chr9_50504816,chr9,50.504816
chr9_50757046,chr9,50.757046
chr9_50759611,chr9,50.759611
chr9_50764656,chr9,50.764656
chr9_51016275,chr9,51.016275
chr9_51036779,chr9,51.036779
chr9_51036809,chr9,51.036809
chr9_51041885,chr9,51.041885
chr9_51322874,chr9,51.322874
chr9_51337135,chr9,51.337135
chr9_51948929,chr9,51.948929
chr9_52532815,chr9,52.532815
chr9_52646974,chr9,52.646974
chr9_52653851,chr9,52.653851
chr9_53266102,chr9,53.266102
chr9_53337524,chr9,53.337524
chr9_53398405,chr9,53.398405
chr9_53406400,chr9,53.4064
chr9_53443111,chr9,53.443111
chr9_53444875,chr9,53.444875
chr9_53718161,chr9,53.718161
chr9_53968643,chr9,53.968643
chr9_53968677,chr9,53.968677
chr9_54611466,chr9,54.611466
chr9_55160698,chr9,55.160698
chr9_55519559,chr9,55.519559
chr9_55665013,chr9,55.665013
chr9_55981416,chr9,55.981416
chr9_55995219,chr9,55.995219
chr9_56347974,chr9,56.347974
chr9_56510312,chr9,56.510312
chr9_56606544,chr9,56.606544
chr9_56606579,chr9,56.606579
chr9_56630709,chr9,56.630709
chr9_57226502,chr9,57.226502
chr9_57749227,chr9,57.749227
chr9_57927951,chr9,57.927951
chr9_59089719,chr9,59.089719
chr9_59317498,chr9,59.317498
chr9_61268459,chr9,61.268459
chr9_61805182,chr9,61.805182
chr9_61805209,chr9,61.805209
chr9_61886791,chr9,61.886791
chr9_61947864,chr9,61.947864
chr9_61947882,chr9,61.947882
chr9_61947883,chr9,61.947883
chr9_62006344,chr9,62.006344
chr9_62245029,chr9,62.245029
chr9_62256946,chr9,62.256946
chr9_62362143,chr9,62.362143
chr9_62417255,chr9,62.417255
chr9_62713767,chr9,62.713767
chr9_62713773,chr9,62.713773
chr9_62713816,chr9,62.713816
chr9_62713822,chr9,62.713822
chr9_62713823,chr9,62.713823
chr9_62971689,chr9,62.971689
chr9_63066041,chr9,63.066041
chr9_63196897,chr9,63.196897
chr9_63196898,chr9,63.196898
chr9_63512862,chr9,63.512862
chr9_64092292,chr9,64.092292
chr9_64301326,chr9,64.301326
chr9_64301412,chr9,64.301412
chr9_64315073,chr9,64.315073
chr9_64459420,chr9,64.45942
chr9_64461444,chr9,64.461444
chr9_64540781,chr9,64.540781
chr9_65218966,chr9,65.218966
chr9_65218986,chr9,65.218986
chr9_65611453,chr9,65.611453
chr9_65611519,chr9,65.611519
chr9_65764250,chr9,65.76425
chr9_65764299,chr9,65.764299
chr9_65764309,chr9,65.764309
chr9_65783937,chr9,65.783937
chr9_65939502,chr9,65.939502
chr9_65939514,chr9,65.939514
chr9_65939557,chr9,65.939557
chr9_65939582,chr9,65.939582
chr9_65952317,chr9,65.952317
chr9_65964781,chr9,65.964781
chr9_66211453,chr9,66.211453
chr9_66211454,chr9,66.211454
chr9_66211470,chr9,66.21147
chr9_66244883,chr9,66.244883
chr9_66483183,chr9,66.483183
chr9_66483255,chr9,66.483255
chr9_66690128,chr9,66.690128
chr9_66690135,chr9,66.690135
chr9_66690141,chr9,66.690141
chr9_66765163,chr9,66.765163
chr9_69346632,chr9,69.346632
chr9_69346764,chr9,69.346764
chr9_69566604,chr9,69.566604
chr9_69574833,chr9,69.574833
chr9_69877923,chr9,69.877923
chr9_69879869,chr9,69.879869
chr9_69879875,chr9,69.879875
chr9_69881661,chr9,69.881661
chr9_69881704,chr9,69.881704
chr9_70201950,chr9,70.20195
chr9_70203827,chr9,70.203827
chr9_70203866,chr9,70.203866
chr9_70276282,chr9,70.276282
chr9_70283046,chr9,70.283046
chr9_70307459,chr9,70.307459
chr9_70307959,chr9,70.307959
chr9_70370343,chr9,70.370343
chr9_70409953,chr9,70.409953
chr9_70434097,chr9,70.434097
chr9_70553549,chr9,70.553549
chr9_70553588,chr9,70.553588
chr9_70590005,chr9,70.590005
chr9_70590877,chr9,70.590877
chr9_70590881,chr9,70.590881
chr9_70660659,chr9,70.660659
chr9_70660665,chr9,70.660665
chr9_70660706,chr9,70.660706
chr9_70822047,chr9,70.822047
chr9_70871807,chr9,70.871807
chr9_70937058,chr9,70.937058
chr9_70965380,chr9,70.96538
chr9_71156682,chr9,71.156682
chr9_71203499,chr9,71.203499
chr9_71217135,chr9,71.217135
chr9_71348198,chr9,71.348198
chr9_71820067,chr9,71.820067
chr9_71985394,chr9,71.985394
chr9_71985407,chr9,71.985407
chr9_72121008,chr9,72.121008
chr9_72121011,chr9,72.121011
chr9_72121556,chr9,72.121556
chr9_72182932,chr9,72.182932
chr9_72182955,chr9,72.182955
chr9_72357942,chr9,72.357942
chr9_72358245,chr9,72.358245
chr9_72890782,chr9,72.890782
chr9_73041769,chr9,73.041769
chr9_73526593,chr9,73.526593
chr9_73526603,chr9,73.526603
chr9_75212121,chr9,75.212121
chr9_75212147,chr9,75.212147
chr9_75429337,chr9,75.429337
chr9_75429430,chr9,75.42943
chr9_75429441,chr9,75.429441
chr9_75811783,chr9,75.811783
chr9_76358384,chr9,76.358384
chr9_76601516,chr9,76.601516
chr9_77352152,chr9,77.352152
chr9_77444824,chr9,77.444824
chr9_77444856,chr9,77.444856
chr9_77819808,chr9,77.819808
chr9_78151544,chr9,78.151544
chr9_78166139,chr9,78.166139
chr9_78166163,chr9,78.166163
chr9_78309107,chr9,78.309107
chr9_78544261,chr9,78.544261
chr9_78544279,chr9,78.544279
chr9_78544294,chr9,78.544294
chr9_78544338,chr9,78.544338
chr9_78544348,chr9,78.544348
chr9_78742310,chr9,78.74231
chr9_79158462,chr9,79.158462
chr9_79989882,chr9,79.989882
chr9_80064922,chr9,80.064922
chr9_80341734,chr9,80.341734
chr9_80344373,chr9,80.344373
chr9_80797184,chr9,80.797184
chr9_80887965,chr9,80.887965
chr9_81018219,chr9,81.018219
chr9_81018227,chr9,81.018227
chr9_81207924,chr9,81.207924
chr9_81209054,chr9,81.209054
chr9_81209078,chr9,81.209078
chr9_81209232,chr9,81.209232
chr9_81269253,chr9,81.269253
chr9_81509734,chr9,81.509734
chr9_82075721,chr9,82.075721
chr9_82075742,chr9,82.075742
chr9_83221702,chr9,83.221702
chr9_83221732,chr9,83.221732
chr9_83237306,chr9,83.237306
chr9_83238136,chr9,83.238136
chr9_83238164,chr9,83.238164
chr9_83238179,chr9,83.238179
chr9_83238201,chr9,83.238201
chr9_83238202,chr9,83.238202
chr9_83322787,chr9,83.322787
chr9_83532381,chr9,83.532381
chr9_83532395,chr9,83.532395
chr9_83538382,chr9,83.538382
chr9_83644723,chr9,83.644723
chr9_83644727,chr9,83.644727
chr9_83815430,chr9,83.81543
chr9_83897830,chr9,83.89783
chr9_84173453,chr9,84.173453
chr9_84409218,chr9,84.409218
chr9_84471157,chr9,84.471157
chr9_84471173,chr9,84.471173
chr9_84616585,chr9,84.616585
chr9_84616604,chr9,84.616604
chr9_84673928,chr9,84.673928
chr9_84690785,chr9,84.690785
chr9_84860267,chr9,84.860267
chr9_85383610,chr9,85.38361
chr9_85385699,chr9,85.385699
chr9_85610730,chr9,85.61073
chr9_85860955,chr9,85.860955
chr9_85959329,chr9,85.959329
chr9_85959340,chr9,85.95934
chr9_86094261,chr9,86.094261
chr9_87398360,chr9,87.39836
chr9_87487430,chr9,87.48743
chr9_87487480,chr9,87.48748
chr9_87660714,chr9,87.660714
chr9_87660771,chr9,87.660771
chr9_87697343,chr9,87.697343
chr9_87709227,chr9,87.709227
chr9_87709237,chr9,87.709237
chr9_88205217,chr9,88.205217
chr9_88856763,chr9,88.856763
chr9_88856770,chr9,88.85677
chr9_88856803,chr9,88.856803
chr9_88863229,chr9,88.863229
chr9_88863292,chr9,88.863292
chr9_88863303,chr9,88.863303
chr9_89308879,chr9,89.308879
chr9_89861174,chr9,89.861174
chr9_89979147,chr9,89.979147
chr9_89979188,chr9,89.979188
chr9_89979202,chr9,89.979202
chr9_90209834,chr9,90.209834
chr9_90209875,chr9,90.209875
chr9_90209896,chr9,90.209896
chr9_90210024,chr9,90.210024
chr9_90294585,chr9,90.294585
chr9_90294594,chr9,90.294594
chr9_90294636,chr9,90.294636
chr9_91809830,chr9,91.80983
chr9_91920965,chr9,91.920965
chr9_93270053,chr9,93.270053
chr9_93531244,chr9,93.531244
chr9_93531259,chr9,93.531259
chr9_93531327,chr9,93.531327
chr9_93531379,chr9,93.531379
chr9_94128918,chr9,94.128918
chr9_94147941,chr9,94.147941
chr9_94147956,chr9,94.147956
chr9_94187362,chr9,94.187362
chr9_94367494,chr9,94.367494
chr9_97257080,chr9,97.25708
chr9_97944638,chr9,97.944638
chr9_98242311,chr9,98.242311
chr9_98242316,chr9,98.242316
chr9_98349329,chr9,98.349329
chr9_98349332,chr9,98.349332
chr9_99011307,chr9,99.011307
chr9_99252613,chr9,99.252613
chr9_99502386,chr9,99.502386
chr9_99566127,chr9,99.566127
chr9_99566135,chr9,99.566135
chr9_99843382,chr9,99.843382
unscaffolded1_34676314,unscaffolded1,34.676314
unscaffolded5_93007,unscaffolded5,0.093007